index,published,topic,term,domain,language,valid,de,title,description,en,la,url,image,archive,content,quote,added,feed,country,ipcc,continent
0cddea67c5c22960f94c8d17f5a1a427,2026-01-12T20:00:21Z,Drought,جفاف المغرب,sarabic.ae,ar,0.8,"Marokko verkündet das Ende einer siebenjährigen Dürre. Der marokkanische Minister für Ausrüstung und Wasser, Nizar Baraka, gab heute, Montag, bekannt, dass das Land aus einer seit sieben Jahren andauernden Dürresituation herausgekommen sei, die auf heftige Regenfälle und einen Anstieg der Staudammfüllraten zurückzuführen sei.",المغرب يعلن نهاية جفاف استمر 7 سنوات,أعلن وزير التجهيز والماء المغربي نزار بركة، اليوم الاثنين، خروج البلاد من وضعية الجفاف التي امتدت لـ7 سنوات، وذلك يعد هطول أمطار غزيرة وارتفاع نسب ملء السدود.,"Morocco announces the end of a 7-year drought. Moroccan Minister of Equipment and Water, Nizar Baraka, announced today, Monday, that the country has emerged from a drought situation that has lasted for 7 years, due to heavy rains and an increase in dam filling rates.","Mauritania nuntiat finem 7 annorum siccitatis. Moroccan minister Equipment et Water, Nizar Baraka hodie Lunae die nuntiatum est patriam siccitatis condicionem quae per 7 annos duravit, propter imbres et rates incrementum in matrice implendo emersisse.",https://sarabic.ae/20260112/%D8%A7%D9%84%D9%85%D8%BA%D8%B1%D8%A8-%D9%8A%D8%B9%D9%84%D9%86-%D9%86%D9%87%D8%A7%D9%8A%D8%A9-%D8%AC%D9%81%D8%A7%D9%81-%D8%A7%D8%B3%D8%AA%D9%85%D8%B1-7-%D8%B3%D9%86%D9%88%D8%A7%D8%AA-1109171262.html,https://cdn.img.sarabic.ae/img/07e9/0a/06/1105691734_0:113:909:624_2072x0_60_0_0_51e5d3e5fa4b9eee25ce9c2dcfc499a8.jpg.webp,,""" 1 / 12 / 108 95 % 17.6% "".",,2026-01-15 11:13:57+00:00,edo,Morocco,MED,Africa
b262eff55467301476d6b49d083e956f,2026-01-07T15:35:51Z,Heat Wave,الحرارة,sarabic.ae,ar,0.9,"Warum fühlen Sie sich kühl und erfrischt, wenn Sie Produkte mit Minze essen? Menthol, eine natürliche Verbindung, die in der Minzpflanze vorkommt, stimuliert ein Kältegefühl im Mund, indem es Nervenrezeptoren aktiviert, die für die Wahrnehmung kalter Temperaturen verantwortlich sind, und so eine starke Kälteillusion erzeugt, ohne dass es tatsächlich zu einem Temperaturabfall kommt. Das erklärt, warum wir unerwartete Kälte verspüren …",ما سبب الشعور بالبرودة والانتعاش عند تناول منتجات تحتوي النعناع؟,يُحفّز المنثول، وهو مركب طبيعي موجود في نبات النعناع، ​​إحساسًا بالبرودة في الفم عن طريق تنشيط مستقبلات عصبية مسؤولة عن استشعار درجات الحرارة الباردة، ما يخلق وهمًا قويًا بالبرودة دون أي انخفاض فعلي في درجة الحرارة، وهذا يفسّر سبب شعورنا ببرودة غير متوقعة في …,"Why do you feel cool and refreshed when you eat products containing mint? Menthol, a natural compound found in the mint plant, stimulates a sensation of coldness in the mouth by activating nerve receptors responsible for sensing cold temperatures, creating a strong illusion of coldness without any actual drop in temperature. This explains why we feel unexpected coldness in…","Cur frigidum sentis et refectum, cum menta producta manducas continens? Menthol, compositio naturalis in planta monetaria inventa, sensum frigoris in ore movet, receptores activum nervum ad frigora sentiendi vellicandi, validam illusionem frigoris sine aliqua gutta actualis caliditatis creantis. Inde est quod inopinatum frigus sentimus in…",https://sarabic.ae/20260107/%D9%85%D8%A7-%D8%B3%D8%A8%D8%A8-%D8%A7%D9%84%D8%B4%D8%B9%D9%88%D8%B1-%D8%A8%D8%A7%D9%84%D8%A8%D8%B1%D9%88%D8%AF%D8%A9-%D9%88%D8%A7%D9%84%D8%A7%D9%86%D8%AA%D8%B9%D8%A7%D8%B4-%D8%B9%D9%86%D8%AF-%D8%AA%D9%86%D8%A7%D9%88%D9%84-%D9%85%D9%86%D8%AA%D8%AC%D8%A7%D8%AA-%D8%AA%D8%AD%D8%AA%D9%88%D9%8A-%D8%A7%D9%84%D9%86%D8%B9%D9%86%D8%A7%D8%B9%D8%9F--1108992267.html,https://cdn.img.sarabic.ae/img/07e5/08/1f/1049996892_0:0:3641:2048_2072x0_60_0_0_2b3d8f4f7a05cf5cd6cd9508e8d79fc8.jpg.webp,,"https://sarabic.ae/20260107/-----------1108992267.html
https://cdn.img.sarabic.ae/img/07e5/08/1f/1049996892_0:0:3641:2048_1920x0_80_0_0_3d7b47c425d3b6868dd4737c986688c5.jpg.webp
 (TRPM8) 25 """". (TR… [+429 chars]",,2026-01-17 05:43:55+00:00,random,,,
7d76fd04a3cf76328f82b11566dfe8b7,2026-01-03T13:35:21Z,Earthquake,زلزال,www.aljazeera.net,ar,0.9,"„Oh mein Gott, es gibt ein Erdbeben.“ Die Ruhe des mexikanischen Präsidenten beeindruckt Twitterer. Die Szene mit der Ruhe und Gelassenheit der mexikanischen Präsidentin Claudia Sheinbaum während der Räumung des Präsidentenpalastes nach einem starken Erdbeben, das das Land erschütterte, erregte die Bewunderung von Tweetern auf Social-Media-Plattformen.","""يا إلهي هناك زلزال"".. هدوء رئيسة المكسيك يثير إعجاب مغردين",أثار مشهد هدوء رئيسة المكسيك كلوديا شينباوم وتماسكها أثناء إخلاء القصر الرئاسي إثر زلزال قوي ضرب البلاد إعجاب مغردين على منصات التواصل الاجتماعي.,"“Oh my God, there is an earthquake.” The calmness of the President of Mexico impresses tweeters. The scene of Mexican President Claudia Sheinbaum's calm and composure during the evacuation of the presidential palace following a strong earthquake that struck the country aroused the admiration of tweeters on social media platforms.","""O Deus meus, terrae motus est."" Praesidis Mexici tranquillitas tweeters imprimit. Clades Sheinbaum tranquillitas et tranquillitas Praesidis Mexicani inter euacuationem palatii praesidis sequentis terrae motus validus qui percussit patriam admirationem tweters in instrumentis socialibus adlevatis excitavit.",https://www.aljazeera.net/news/2026/1/3/%d9%8a%d8%a7-%d8%a5%d9%84%d9%87%d9%8a-%d9%87%d9%86%d8%a7%d9%83-%d8%b2%d9%84%d8%b2%d8%a7%d9%84-%d9%87%d8%af%d9%88%d8%a1-%d8%b1%d8%a6%d9%8a%d8%b3%d8%a9-%d8%a7%d9%84%d9%85%d9%83%d8%b3%d9%8a%d9%83,https://www.aljazeera.net/wp-content/uploads/2026/01/image-1767458101.jpg?resize=1920%2C1080&quality=80,,".
 6.5 .
 15 35 230 7 .
 .
 .
 .
 "" "" .
 """" (2026/1/3) :
 ! 
:
 .
:
 .. .
:
 .. 7 .
.
 .
 .",,2026-01-22 15:54:38+00:00,random,,,
3d0c0cba42ea5c4ccda9a3f3c19690a8,2026-01-20T14:14:40Z,Earthquake,زلزال,www.aljazeera.net,ar,0.9,"Ein politisches Erdbeben bedroht die Fußballweltmeisterschaft 2026... Deutschland droht mit Boykott und „Absage des Turniers“. Die Weltmeisterschaft 2026 steht vor einer beispiellosen Gefahr des Scheiterns, nachdem in Deutschland Stimmen lauter wurden, die einen „Boykott der Weltmeisterschaft“ forderten und sogar eine „Absage des Turniers“ forderten.","زلزال سياسي يهدد مونديال 2026.. ألمانيا تلوح بالمقاطعة و""إلغاء البطولة""","تواجه بطولة كأس العالم 2026، تهديدًا غير مسبوق بالانهيار، بعد تصاعد الأصوات في ألمانيا للمطالبة بـ""مقاطعة المونديال"" وصلت حد المطالبة بـ""إلغاء البطولة"".","A political earthquake threatens the 2026 World Cup... Germany threatens to boycott and ""cancel the tournament."" The 2026 World Cup faces an unprecedented threat of collapse, after voices rose in Germany calling for a “boycott of the World Cup,” reaching the point of calling for “cancellation of the tournament.”","Politicus terrae motus 2026 Mundi Calicem imminet ... Germania boycott et ""tournamentum destruit"". Mundus Calicem 2026 inauditam ruinae comminationem respicit, postquam voces in Germania surrexerunt ut ""boycott Mundi Mundi"" vocarentur, ad punctum vocationis ""cancellationis torneamentum"".",https://www.aljazeera.net/sport/2026/1/20/%d8%a3%d9%84%d9%85%d8%a7%d9%86%d9%8a%d8%a7-%d9%85%d9%82%d8%a7%d8%b7%d8%b9%d8%a9-%d9%85%d9%88%d9%86%d8%af%d9%8a%d8%a7%d9%84-2026-%d8%aa%d8%b1%d8%a7%d9%85%d8%a8,https://www.aljazeera.net/wp-content/uploads/2026/01/reuters_696fb327-1768928039.jpg?resize=1920%2C1440,,"2026.. ()
2026 "" "" "" "" .
 "" "" : "" "".
list of 4 itemsend of list
 "" "" .
 ()
:
 : "" "" "" "" .
 ()
"""" (INSA) 47% 35%.
 4 1950 .
 "" "" .",,2026-01-22 15:54:38+00:00,random,,,
cc130856de81cc3d4d25b72b0c186b17,2026-01-08T13:18:20Z,Snow&Ice,عاصفة ثلجية,www.aljazeera.net,ar,0.9,"Ein Schneesturm verwirrt Frankreich und lähmt die Bewegung und die Wirtschaft. Ein seltener Schneesturm in Frankreich verursachte weitreichende Verkehrslähmungen und Unterbrechungen von Lieferketten und Unternehmen, mit vorübergehenden wirtschaftlichen Verlusten und direkten Auswirkungen auf Verkehr, Handel und Energie.",عاصفة ثلجية تربك فرنسا وشلل في الحركة والاقتصاد,تسببت عاصفة ثلجية نادرة في فرنسا بشلل واسع للنقل وتعطيل سلاسل التوريد والأعمال، مع خسائر اقتصادية مؤقتة وتأثير مباشر على الحركة والتجارة والطاقة.,"A snow storm confuses France, paralyzing movement and the economy. A rare snow storm in France caused widespread transport paralysis and disruption of supply chains and businesses, with temporary economic losses and a direct impact on movement, trade and energy.","Tempestas nix perturbat Galliam, motum et oeconomiam paralysin. Rara tempestas nivis in Gallia effecit diffusa paralysin onerarias et distractionem copiarum catenarum et negotiorum, cum detrimentis oeconomicis temporariis et immediata ictum in motu, commercio et industria.",https://www.aljazeera.net/ebusiness/2026/1/8/%d8%b9%d8%a7%d8%b5%d9%81%d8%a9-%d8%ab%d9%84%d8%ac%d9%8a%d8%a9-%d9%81%d8%b1%d9%86%d8%b3%d8%a7-%d8%b4%d9%84%d9%84-%d9%88%d8%a7%d8%b6%d8%b7%d8%b1%d8%a7%d8%a8%d8%a7%d8%aa,https://www.aljazeera.net/wp-content/uploads/2026/01/IMG_5388-1767888460.jpeg?resize=1920%2C1440,,"()
.
.
list of 4 items<ul><li>list 1 of 4</li><li>list 2 of 4</li><li>list 3 of 4</li><li>list 4 of 4</li></ul>end of list
 .
 20 -8 -13 .
 . 40% 25% 15% .
 . .
 20 5 ()
38 .
 .
 .
 """" .… [+157 chars]",,2026-01-23 02:34:12+00:00,random,,,
9c2f82a1fc01cebd30435dd8839b3b8b,2026-01-23T23:45:12Z,Snow&Ice,الصقيع,www.aljazeera.net,ar,0.9,"Schock und Proteste nach der Festnahme eines Kindes durch die Anti-Einwanderungsbehörde in Minnesota. Tausende Menschen trotzten der Kälte und beteiligten sich an Protesten gegen die Kampagne von US-Präsident Donald Trump zur Bekämpfung der irregulären Einwanderung in der Stadt Minneapolis, während das Verhalten der Männer, die dort gegen die illegale Einwanderung kämpfen, scharf kritisiert wurde.",صدمة واحتجاجات بعد اعتقال هيئة مكافحة الهجرة طفلا بولاية مينيسوتا,تحدى آلاف الأشخاص الصقيع وشاركوا في احتجاجات ضد حملة الرئيس الأمريكي دونالد ترمب لمكافحة الهجرة غير النظامية في مدينة مينيابوليس، وسط انتقادات شديدة اللهجة لتصرف رجال مكافحة الهجرة غير النظامية هناك.,"Shock and protests after the Anti-Immigration Authority arrested a child in Minnesota. Thousands of people braved the cold and participated in protests against US President Donald Trump's campaign to combat irregular immigration in the city of Minneapolis, amid strong criticism of the behavior of the men fighting irregular immigration there.","Offensus et reclamationes post Auctoritatem Anti-Immigration deprehensus est puerum in Minnesota. Milia hominum frigora fortaverunt et reclamationibus contra expeditionem US Praeses Donald Trump interfuit, ut immigrationem irregularem in urbe Minneapolis pugnaret, inter validam reprehensionem morum hominum tumultuariam illic immigrationem pugnantium.",https://www.aljazeera.net/news/2026/1/24/%d8%a7%d8%b9%d8%aa%d9%82%d8%a7%d9%84-%d8%b7%d9%81%d9%84-%d9%81%d9%8a-%d8%a7%d9%84%d8%ae%d8%a7%d9%85%d8%b3%d8%a9-%d9%8a%d8%ab%d9%8a%d8%b1-%d8%ba%d8%b6%d8%a8%d8%a7-%d8%b9%d8%a7%d8%b1%d9%85%d8%a7,https://www.aljazeera.net/wp-content/uploads/2026/01/afp_6974291eb189-1769220382.jpg?resize=1920%2C1440,,"()
.
 "" "" 5 .
 23 .
 - - .
 5 ( )
"" "" "" "".
 "" "" "" ""
 .
 "" "" "" "".
 """" "" . "".
 "" "" "" "" "" "" "" "" """".
 - - """" "" "".
 ()
: "" "".
 "" "" .
 "" "" "" "" "" "" .
 "" "" "" "".
 "" "" "" "".
 .",,2026-01-25 10:45:52+00:00,random,,,
365f16834b0f0cc1603d35e48a3257b2,2026-01-24T11:27:31Z,Storm,عاصفة ثلجية,www.aljazeera.net,ar,0.9,"Video. Al Jazeera Net überwacht die Lage der Vertriebenen in Nordsyrien nach dem Schneesturm. In den Lagern im Norden Syriens herrscht ein heftiger Schneesturm, der Zelte bedeckt und Straßen abschneidet, während es völlig an Heizung und Grundversorgung mangelt, was das Leid der Menschen dort noch verschlimmert hat.",فيديو.. الجزيرة نت ترصد أوضاع النازحين شمال سوريا بعد العاصفة الثلجية,تعيش مخيمات شمالي سوريا تحت عاصفة ثلجية شديدة، غطت الخيام وقطعت الطرق، وسط غياب كامل لوسائل التدفئة والدعم الأساسي ما فاقم معاناة الناس هناك.,"Video.. Al Jazeera Net monitors the conditions of the displaced in northern Syria after the snow storm. Camps in northern Syria are living under a severe snowstorm, covering tents and cutting off roads, amid a complete absence of heating and basic support, which has exacerbated the suffering of the people there.","Video.. Al Jazeera Net monitores condiciones in Syria septentrionali post tempestatem nivalem motae sunt. Castra in Syria septentrionali habitant sub gravi nivis, tentoria obductis et viis interclusis, inter omnimodam calefactionem et fundamentalem sustentationem, quae dolorem hominum ibi exacerbat.",https://www.aljazeera.net/politics/2026/1/24/%d9%81%d9%8a%d8%af%d9%8a%d9%88-%d8%a7%d9%84%d8%ac%d8%b2%d9%8a%d8%b1%d8%a9-%d9%86%d8%aa-%d8%aa%d8%b1%d8%b5%d8%af-%d8%a3%d9%88%d8%b6%d8%a7%d8%b9-%d8%a7%d9%84%d9%86%d8%a7%d8%b2%d8%ad%d9%8a%d9%86,https://www.aljazeera.net/wp-content/uploads/2026/01/image-1769254596.jpg?resize=1920%2C1080&quality=80,,".
 .
 """" .
 .
 .
 .
 .
 ()
.
 """" .
 "" "" 5 .
 .
 ()
.
 .
 "" "" "" "" .
.
 ()
"""" .
 .
 .",,2026-01-28 02:36:46+00:00,random,,,
e0e89b09a69b4651e39b57c7d1e73769,2026-01-11T06:09:25Z,Tropical Cyclone,الهبوط,arabic.cnn.com,ar,0.9,"Er sah, wie der Reifen eines Flugzeugs explodierte, als es aus Peru auf dem Flughafen Atlanta landete. Konnte es landen? Ein Flugzeug aus Lima, Peru, erlitt am Dienstagabend bei der Landung in Atlanta einen Reifenschaden.",شاهد انفجار إطار طائرة لحظة هبوطها في مطار أتلانتا آتية من البيرو.. فهل تمكّنت من الهبوط؟,تعرضت طائرة آتية من ليما، بيرو، لانفجار في أحد إطاراتها أثناء هبوطها في أتلانتا ليلة الثلاثاء.,"He watched a plane tire explode as it landed at Atlanta Airport, coming from Peru. Was it able to land? A plane coming from Lima, Peru, suffered a tire blowout while landing in Atlanta on Tuesday night.","Apertam explosionem strigare observavit cum Airport Atlanta appulisset, ex Peruvia venientem. an poterat terra? Planum Lima veniens, Peru, mitram tubam passus est dum in Atlanta die Martis nocte appulit.",https://arabic.cnn.com/travel/video/2026/01/11/v187058-plane-tires-blow-out,"https://cnn-arabic-images.cnn.io/cloudinary/image/upload/w_1920,h_1008,c_fill,q_auto,g_center/t_cnnarabic_watermark_logo_v5/cnnarabic/2026/01/10/images/320200.jpg",,,,2026-01-28 10:54:41+00:00,random,,,
2246e5f6f98d13e9675b189802bfd26a,2026-01-15T08:30:14Z,Tropical Cyclone,الهبوط,www.aljazeera.net,ar,0.9,"Das Nildelta sinkt schneller als das Meer: eine stille Gefahr, die Millionen von Bewohnern bedroht. Anhand hochauflösender Satellitenbilder stellten die Forscher fest, dass die Landsenkung in 18 der 40 untersuchten Deltas, darunter das Nil-, Mekong- und Ganges-Brahmaputra-Delta, die Meereshöhe übersteigt.",دلتا النيل تهبط أسرع من البحر: خطر صامت يهدد ملايين السكان,باستخدام صور أقمار صناعية عالية الدقة، وجد الباحثون أن الهبوط الأرضي يتجاوز ارتفاع البحر في 18 من أصل 40 دلتا مدروسة، بينها دلتا النيل والميكونج والجانج–براهمابوترا,"The Nile Delta is sinking faster than the sea: a silent danger threatening millions of residents. Using high-resolution satellite images, the researchers found that land subsidence exceeds sea height in 18 of the 40 deltas studied, including the Nile, Mekong, and Ganges-Brahmaputra deltas.","Nilus Delta ocior mari mergitur: tacitum periculum decies centena milia habitant. Investigatores in solutione satellitum imaginum usi, terram illam subsidentiam investigantes invenerunt altitudinem maris in 18 quadraginta deltas studuerunt, incluso Nilo, Mekong et Ganges-Brahmaputra deltas.",https://www.aljazeera.net/science/2026/1/15/%d8%af%d9%84%d8%aa%d8%a7-%d8%a7%d9%84%d9%86%d9%8a%d9%84-%d8%aa%d9%87%d8%a8%d8%b7-%d8%a3%d8%b3%d8%b1%d8%b9-%d9%85%d9%86-%d8%a7%d9%84%d8%a8%d8%ad%d8%b1-%d8%ae%d8%b7%d8%b1-%d8%b5%d8%a7%d9%85%d8%aa,https://www.aljazeera.net/wp-content/uploads/2023/03/8989d-1.jpg?resize=1920%2C1280&quality=80,,"()
.
 14 / """" (Nature) .
 350 500 ()
. .
 "" "" . .
 350 500 : .
 ()
. .
 .
 : "" "" "" . "".
 . .
 .",,2026-01-28 10:54:41+00:00,random,,,
7c0b3a57f925523fdf53dc2fbd5ec715,2026-01-19T07:13:01Z,Snow&Ice,صقيع,arabic.cnn.com,ar,0.9,"„Riesiger Whirlpool“... Eine Frau aus Kuwait erkundet inmitten des isländischen Frosts eine „natürliche Sauna“. Island ist bekannt für seine farbenfrohen Berge, majestätischen Vulkane und Gletscherseen, beherbergt aber auch den sogenannten „Riesen-Whirlpool“, eine der größten natürlichen heißen Quellen der Welt.","""الجاكوزي العملاق"".. كويتية تستكشف ""ساونا طبيعية"" وسط صقيع آيسلندا","تُعرف آيسلندا بجبالها المُلوّنة، وبراكينها المُهيبة، وبحيراتها الجليدية، لكنّها تحتضن أيضًا ما يُعرف بـ""الجاكوزي العملاق""، أحد أكبر الينابيع الحارّة الطبيعية في العالم.","""Giant Jacuzzi""... A Kuwaiti woman explores a ""natural sauna"" in the midst of the Icelandic frost. Iceland is known for its colorful mountains, majestic volcanoes, and glacial lakes, but it is also home to what is known as the “Giant Jacuzzi,” one of the largest natural hot springs in the world.","""Giant Jacuzzi""... Mulier Kuwaiti ""saunam naturalem"" explorat in medio gelu Islandicae. Islandia montibus varios, vulcanos magnificas et lacus glaciales notus est, sed etiam domi est iis quae ""Giant Jacuzzi"" cognoscuntur, una e maximis fontibus calidis in mundo naturali.",https://arabic.cnn.com/travel/video/2026/01/19/v187171-iceland-blue-lagoon-hot-springs-influencer,"https://cnn-arabic-images.cnn.io/cloudinary/image/upload/w_1920,h_1008,c_fill,q_auto,g_center/t_cnnarabic_watermark_logo_v5/cnnarabic/2026/01/12/images/320382.jpg",,,,2026-01-28 20:56:30+00:00,random,,,
aa7825d3a0613c5a1e813293d3611ff2,2026-01-10T18:37:38Z,Snow&Ice,تجميد,www.aljazeera.net,ar,0.9,"Nachdem er 60 % des Gazastreifens besetzt hat. Warum friert Netanyahu den Status quo lieber ein? Trotz des Rückgangs der Intensität der Bombenangriffe auf Gaza deutet die Szene nicht darauf hin, dass der Krieg auf ein politisches Ende zusteuert, sondern vielmehr auf eine neue Phase ruhiger Kontrolle, in der die Politik der schrittweisen Vernichtung durch eine Strategie der offenen Vernichtung unter dem Dach eines ausgesetzten Abkommens ersetzt wird.",بعد احتلال 60% من غزة.. لماذا يفضل نتنياهو تجميد الوضع الراهن؟,رغم تراجع كثافة القصف في غزة، لا يوحي المشهد بأن الحرب تتجه إلى خاتمة سياسية، بل إلى طور جديد من السيطرة الهادئة، تُستبدل فيه سياسة القضم التدريجي بإستراتيجية الإبادة المفتوحة، تحت مظلة اتفاق معلق.,"After occupying 60% of Gaza.. Why does Netanyahu prefer to freeze the status quo? Despite the decline in the intensity of bombing in Gaza, the scene does not suggest that the war is heading to a political conclusion, but rather to a new phase of calm control, in which the policy of gradual annihilation is replaced by a strategy of open annihilation, under the umbrella of a suspended agreement.","Post 60% Gazam occupavit.. Cur Netanyahu mavult statum quo durare? Quamvis in vehementia bombingis Gazae declinet, scaena non suggerit bellum tendere ad conclusionem politicam, sed ad novum tempus tranquillitatis imperium, in quo consilium gradatim annihilationis substituitur per consilium apertae annihilationis, sub umbella suspensi pacti.",https://www.aljazeera.net/politics/2026/1/11/%d8%a8%d8%b9%d8%af-%d8%a7%d8%ad%d8%aa%d9%84%d8%a7%d9%84-60-%d9%85%d9%86-%d8%ba%d8%b2%d8%a9-%d9%84%d9%85%d8%a7%d8%b0%d8%a7-%d9%8a%d9%81%d8%b6%d9%84-%d9%86%d8%aa%d9%86%d9%8a%d8%a7%d9%87%d9%88,https://www.aljazeera.net/wp-content/uploads/2026/01/646-1768078873.jpg?resize=1920%2C1440,,".
 .
 "" "" .
 "" "" 60% .
 "" "" .
 .
 "" "" .
 .
 "" "" """".
 "" "" .
 .
 """" .
 .
 .
 .
 .
 .",,2026-01-30 03:11:39+00:00,random,,,
37baade69a1223921088662c6c928122,2026-01-26T14:50:05Z,Snow&Ice,تجميد,www.aljazeera.net,ar,0.9,"Nach historischen Erfolgen friert China plötzlich Weltraumstarts ein. Trotz der schnellen chinesischen Erfolge auf dem Mond und im Weltraum führte ein plötzlicher Startstopp im Februar 2026 zu Fragen über die technische Bereitschaft, während die Welt auf einen entscheidenden Test der „Langen Marsch 10A“-Rakete wartet.",بعد إنجازات تاريخية.. الصين تجمد فجأة إطلاقات الفضاء,"رغم إنجازات صينية متسارعة في القمر والفضاء العميق، أدى تجميد مفاجئ لإطلاقات فبراير/شباط 2026 إلى تساؤلات حول الجاهزية التقنية، بينما يترقّب العالم اختبارا حاسما لصاروخ ""لونغ مارش 10 إيه"".","After historic achievements, China suddenly freezes space launches. Despite rapid Chinese achievements in the moon and deep space, a sudden freeze on launches in February 2026 led to questions about technical readiness, while the world awaits a decisive test of the “Long March 10A” missile.","Post historicas res gestas Sinae repente spatium inmittit. Quamvis celeri Sinensium res gestae in luna et alto spatio, subitum congeletur in impulsus mense Februario anni 2026 ad quaestiones de promptitudine technicarum, dum mundus exspectat decretorium missilis ""longi Martii 10A"".",https://www.aljazeera.net/science/2026/1/26/%d8%a8%d8%b9%d8%af-%d8%a5%d9%86%d8%ac%d8%a7%d8%b2%d8%a7%d8%aa-%d8%aa%d8%a7%d8%b1%d9%8a%d8%ae%d9%8a%d8%a9-%d8%a7%d9%84%d8%b5%d9%8a%d9%86-%d8%aa%d8%ac%d9%85%d8%af-%d9%81%d8%ac%d8%a3%d8%a9,https://www.aljazeera.net/wp-content/uploads/2026/01/5614%D8%A8%D8%B3%D9%8A-1769440358.png?resize=1920%2C1280&quality=80,,"/ 2026 .
 300 2025 50 "" -6"" """" .
"" 10 "" ( )
.
list of 2 itemsend of list
 .
 "" 10 "" (Long March-10A) 11 / 2026 .
 "" 10 "" .
 .
 / 2026 ( )
 
 :
 .",,2026-01-30 03:11:39+00:00,random,,,
e1259efd7beab78ccde9d4f7669b04d0,2026-01-16T13:08:26Z,Storm,عاصفة ثلجية,www.ahram-canada.com,ar,0.9,"Schlechte Wetterbedingungen führen zur Annullierung und Verspätung von mehr als 550 Flügen am Flughafen Toronto. Al-Ahram Al-Canadian...Toronto Stürmische Wetterbedingungen in Toronto durchkreuzten die Reisepläne vieler in Toronto. Es wurde von einem starken Schneesturm heimgesucht, bei dem voraussichtlich etwa 40 Zentimeter Schnee fallen würden, was am Montag zur Annullierung und Verspätung von Hunderten von Flügen am Toronto Pearson International Airport führte ...",سوء الأحوال الجوية تتسبب في إلغاء و تأخير أكثر من 550 رحلة في مطار تورنتو,الأهرام الكندي .. تورنتو تسببت طورات مناخية عاصفة على تورنتو في تعطيل خطط السفر للكثيرين في تورونتو؛ حيث تعرضت لهبوب عاصفة ثلجية قوية مع توقعات بتساقط حوالي 40 سنتيمترا من الثلوج، ما أسفر عن إلغاء وتأخير مئات الرحلات الجوية في مطار تورونتو بيرسون الدولي يوم ا…,"Bad weather conditions cause the cancellation and delay of more than 550 flights at Toronto Airport. Al-Ahram Al-Canadian...Toronto Stormy weather conditions affecting Toronto disrupted the travel plans of many in Toronto. It was hit by a strong snowstorm, with about 40 centimeters of snow expected to fall, resulting in the cancellation and delay of hundreds of flights at Toronto Pearson International Airport on Monday...","Tempestates tempestatum causant indultum et dilationem plusquam 550 volatuum apud Airport Toronto. Al-Ahram Al-Canadian... Toronto tempestatum tempestatum afficiens Toronto consilia peregrinationis multorum in Toronto dissipavit. Impetu nivis valido ictus est, cum circiter 40 centimetra nivis casura expectata est, consequens in tabularum ac mora centum volatus apud Toronto Pearson International Airport die Lunae...",https://www.ahram-canada.com/238850/,https://www.ahram-canada.com/wp-content/uploads/2021/01/9-3-660x330.jpg,,"33 , , 
.. 
 40 .
.
 554 227 327 .
 40% .
 1,100 .
"" ""
 …",,2026-01-31 05:58:59+00:00,random,,,
11007d69d2ddffb3dc38b28b5f244b64,2026-01-25T08:38:03Z,Storm,عاصفة,www.aljazeera.net,ar,0.9,"Amerikas Schneesturm: Notstand in den Staaten, Flugausfälle und Stromausfälle. Ein Polarsturm verwüstete große Gebiete in den Vereinigten Staaten und verursachte Störungen im Transport- und Elektrizitätssektor, woraufhin Präsident Donald Trump in zehn Bundesstaaten den Ausnahmezustand ausrief.",عاصفة أمريكا الثلجية.. طوارئ بالولايات وإلغاء رحلات وانقطاعات للكهرباء,ضربت عاصفة قطبية مناطق واسعة في الولايات المتحدة، مخلّفة اضطرابات في قطاعات النقل والكهرباء، وقد أعلن الرئيس دونالد ترمب على إثرها حالة الطوارئ في 10 ولايات.,"America's snow storm: emergency in the states, flight cancellations, and power outages. A polar storm struck large areas in the United States, causing disruptions in the transportation and electricity sectors, as a result of which President Donald Trump declared a state of emergency in 10 states.","Tempestas nix Americae est: tumultus in civitatibus, fuga cancellations, et potestas outages. Tempestas polaris magnas areas in Civitatibus Foederatis Americae percussit, turbationes in translatione et sectorum electricitatis, ex quibus Praeses Donald Trump statum necessitatis in X civitatibus declaravit.",https://www.aljazeera.net/news/2026/1/25/%d8%b9%d8%a7%d8%b5%d9%81%d8%a9-%d8%a3%d9%85%d9%8a%d8%b1%d9%83%d8%a7-%d8%a7%d9%84%d9%82%d8%b7%d8%a8%d9%8a%d8%a9-%d8%b7%d9%88%d8%a7%d8%b1%d8%a6-%d8%a8%d8%a7%d9%84%d9%88%d9%84%d8%a7%d9%8a%d8%a7%d8%aa,https://www.aljazeera.net/wp-content/uploads/2026/01/ap_6975dd6453d75-1769332068.jpg?resize=1920%2C1440,,"( )
   10 .
 .
 "" "".
 """" .
 240 . 20 .
 "" "" "" "" .
 .
 .
 . "" "".
 "" "" 14 ()
"" "" 14 .
 "" "" - - 230 .
 "" "".
    10 : .
 ( )
- - 10 .
 "" . "".
 45 .",,2026-01-31 05:58:59+00:00,random,,,
944231985fa5179ea66debb7f9f00f1b,2026-01-29T07:12:24Z,Wildfire,حرائق الغابات,arabic.cnn.com,ar,0.9,"Eine rührende Szene eines von Feuer umgebenen Koalabären in Australien ... und Bauern greifen ein, um ihn zu retten. Bewohner Australiens haben einen Koalabären vor den Waldbränden gerettet, die auf ihrer Farm im Bundesstaat Victoria verheerten.",مشهد مؤثر لدب كوالا تحاصره النيران في أستراليا.. ومزارعون يتدخلون لإنقاذه,أنقذ سكان في أستراليا دب كوالا من حرائق الغابات التي اجتاحت مزرعتهم في ولاية فيكتوريا.,A touching scene of a koala bear surrounded by fire in Australia... and farmers intervene to save it. Residents in Australia rescued a koala bear from forest fires that swept through their farm in the state of Victoria.,"De scaena ursi koala igne in Australia circumdati ... et agricolae ad eam salvandam interveniunt. In Australia habitantes ursam koala e silvis silvis eripuerunt, qui per villam suam in statu Victoriae rapuerunt.",https://arabic.cnn.com/miscellaneous/video/2026/01/29/v188086-koala-rescued-wildfires-victoria-australia-heatwave-hnk-digvid,"https://cnn-arabic-images.cnn.io/cloudinary/image/upload/w_1920,h_1008,c_fill,q_auto,g_center/t_cnnarabic_watermark_logo_v5/cnnarabic/2026/01/29/images/321933.jpg",,,,2026-01-31 10:50:04+00:00,random,,,
