index,module,topic,color,feed,term,created,country,ratio,counter,pages,language,ipcc,continent
'a4e63fa11b',extremes,Snow&Ice,#d60d2b,random,الشتاء القاسي,2026-01-17T03:44:00+00:00,,0.5884229711080456,3,2,ar,,
'296c1b5925',extremes,Storm,#b3b2b1,emdat,عاصفة لبنان,2026-01-15T10:57:00+00:00,Lebanon,0.5609025398419298,4,2,ar,MED,Asia
'bdc1b5c069',extremes,Storm,#b3b2b1,wmo,عاصفة البحرين,2026-01-15T12:14:00+00:00,Bahrain,0.5576522667110411,2,1,ar,ARP,Asia
'a4cf1e9346',extremes,Storm,#b3b2b1,wmo,عاصفة العواصف قطر,2026-01-15T12:14:00+00:00,Qatar,0.5576467032630299,2,1,ar,ARP,Asia
'b073fed5b4',extremes,Snow&Ice,#d60d2b,random,الصقيع,2026-01-24T03:48:00+00:00,,0.5542569206012007,3,2,ar,,
'daed8f4597',extremes,Earthquake,#870007,usgs,زلزال الصومال,2026-01-15T12:13:00+00:00,Somalia,0.5461294790466982,3,2,ar,NEAF,Africa
'4bd563dc86',extremes,Precipitation,#d60d2b,wmo,أمطار غزيرة على مناطق شرق ليبيا.,2026-01-26T04:09:00+00:00,Libya,0.542696766235365,2,1,ar,SAH,Africa
'0a4ac833e4',extremes,Storm,#b3b2b1,wmo,عاصفة البياض,2026-01-29T04:19:00+00:00,Algeria,0.5419444491311284,2,1,ar,SAH,Africa
'f486a08b0d',extremes,Precipitation,#d60d2b,wmo,هطول الأمطار الجزائر,2026-01-25T04:06:00+00:00,Algeria,0.5408278458081227,2,1,ar,SAH,Africa
'c16aa46f44',extremes,Storm,#b3b2b1,wmo,عاصفة العواصف بليدة,2026-01-26T04:09:00+00:00,Algeria,0.5401299689308295,2,1,ar,SAH,Africa
'a4ea76ca76',extremes,Storm,#b3b2b1,wmo,عاصفة الجزائر,2026-01-23T04:03:00+00:00,Algeria,0.5372260008206531,2,1,ar,SAH,Africa
'931978a75d',extremes,Cold Wave,#a7e9fa,wmo,موجة باردة في المملكة العربية السعودية,2026-01-20T03:56:00+00:00,Saudi Arabia,0.5325471778981382,2,1,ar,ARP,Asia
'560b05d603',extremes,Heat Wave,#c40202,random,موجة الحر,2026-01-18T03:56:00+00:00,,0.5323032157523823,2,2,ar,,
'596a132822',extremes,Storm,#b3b2b1,wmo,عاصفة العواصف مملكة البحرين الشرطة الجنائية بها,2026-01-21T03:56:00+00:00,Bahrain,0.5309995448972874,2,1,ar,ARP,Asia
'de3b36bacb',extremes,Thunderstorm,#53785a,random,الطقس القاسي,2026-01-20T03:55:00+00:00,,0.5295235473863572,2,2,ar,,
'6847434a90',extremes,Storm,#b3b2b1,wmo,عاصفة الأردن,2026-01-22T03:59:00+00:00,Jordan,0.5286176492556873,2,1,ar,MED,Asia
'c3d0e3b068',extremes,Snow&Ice,#d60d2b,random,تجميد,2026-01-22T03:59:00+00:00,,0.528473901932014,4,1,ar,,
'617402fc79',extremes,Drought,#edc291,edo,موجة الجفاف في إريتريا,2026-01-15T10:57:00+00:00,Eritrea,0.5139693005213177,2,1,ar,SAH,Africa
'38e5593e0b',extremes,Storm,#b3b2b1,wmo,عاصفة منطقة مكة المكرمة جدة ثول,2026-01-22T03:59:00+00:00,Saudi Arabia,0.5071670374346241,2,1,ar,ARP,Asia
'ab03e38028',extremes,Fog,#d60d2b,wmo,ضباب الأجزاء الغربية,2026-01-19T04:03:00+00:00,Jordan,0.5029771061884952,2,1,ar,MED,Asia
'8d4e6fcc3e',extremes,Snow&Ice,#d60d2b,random,عاصفة ثلجية,2026-01-15T10:39:00+00:00,,0.4990589516075219,1,2,ar,,
'4e3fdc08d1',extremes,Fog,#d60d2b,wmo,ضباب الأردن,2026-01-25T04:06:00+00:00,Jordan,0.4877192362912414,2,1,ar,MED,Asia
'0ca87424f0',extremes,Drought,#edc291,edo,جفاف المغرب,2026-01-15T10:57:00+00:00,Morocco,0.4859434412119348,3,1,ar,MED,Africa
'95694d19cf',extremes,Earthquake,#870007,usgs,زلزال اليمن,2026-01-15T12:13:00+00:00,Yemen,0.4858984224444221,3,1,ar,NEAF,Africa
'69a64e0e6b',extremes,Drought,#edc291,edo,جفاف العراق,2026-01-15T10:57:00+00:00,Iraq,0.4858535811426168,3,1,ar,WCA,Asia
'1a5e4bce35',extremes,Drought,#edc291,edo,قلة الأمطار الكويت,2026-01-15T10:57:00+00:00,Kuwait,0.4855860205721129,3,1,ar,ARP,Asia
'bef1a25283',extremes,Drought,#edc291,edo,موجة الجفاف في سوريا,2026-01-15T10:57:00+00:00,Syria,0.4855360700877686,3,1,ar,MED,Asia
'16348a6786',extremes,Drought,#edc291,edo,موجة الجفاف في تونس,2026-01-15T10:57:00+00:00,Tunisia,0.4855333731912879,3,1,ar,MED,Africa
'b546e0d0c0',extremes,Drought,#edc291,edo,موجة جفاف في الأراضي الفلسطينية,2026-01-15T10:57:00+00:00,Palestinian Territory,0.484454697870171,3,1,ar,MED,Asia
'ce2d4957e5',extremes,Fog,#d60d2b,wmo,الضباب الكويت,2026-01-19T04:03:00+00:00,Kuwait,0.4794440009448101,2,1,ar,ARP,Asia
'ee0da31a54',extremes,Precipitation,#d60d2b,wmo,أمطار غزيرة على الأجزاء الغربية,2026-01-19T04:03:00+00:00,Jordan,0.4776788624516799,2,1,ar,MED,Asia
'b4cd8bfe1e',extremes,ice jam,#d60d2b,random,الفيضانات,2026-01-23T04:02:00+00:00,,0.4775494174104777,3,1,ar,,
'2cfcf7a5d7',extremes,Storm,#b3b2b1,wmo,عاصفة مملكة البحرين,2026-01-15T10:56:00+00:00,Bahrain,0.4742220682505268,3,1,ar,ARP,Asia
'6d8d284096',extremes,Storm,#b3b2b1,wmo,عاصفة قطر,2026-01-15T10:56:00+00:00,Qatar,0.474221989377048,3,1,ar,ARP,Asia
'cda3b95773',extremes,Storm,#b3b2b1,wmo,عاصفة المملكة العربية السعودية,2026-01-15T10:56:00+00:00,Saudi Arabia,0.4740122140224534,3,1,ar,ARP,Asia
'4ae75fc210',extremes,Precipitation,#d60d2b,wmo,هطول أمطار غزيرة في المملكة العربية السعودية,2026-01-15T12:14:00+00:00,Saudi Arabia,0.473976255345745,3,1,ar,ARP,Asia
'c0ea0632ba',extremes,Heat Wave,#c40202,random,الحرارة,2026-01-15T10:39:00+00:00,,0.4728563956321475,1,2,ar,,
'119916aac8',extremes,Fog,#d60d2b,wmo,ضباب وادي الحولة,2026-01-29T04:19:00+00:00,Israel,0.4718489598348803,2,1,ar,MED,Asia
'17b150a7a2',extremes,Earthquake,#870007,usgs,زلزال تنزانيا,2026-01-15T10:56:00+00:00,Tanzania,0.4630426306529238,2,1,ar,SEAF,Africa
'f3d653a8ff',extremes,Drought,#edc291,edo,جفاف جزر القمر,2026-01-15T12:14:00+00:00,Comoros,0.4616563711272883,2,1,ar,ESAF,Africa
'b213984cd8',extremes,Drought,#edc291,edo,جفاف الصحراء الغربية,2026-01-15T12:14:00+00:00,Western Sahara,0.4615693020208447,2,1,ar,SAH,Africa
'15a9c61e3e',extremes,Landslide,#572c03,random,انهيار صخري,2026-01-15T12:13:00+00:00,,0.4613971130947428,3,1,ar,,
'b009512785',extremes,Drought,#edc291,edo,جفاف تونس,2026-01-15T12:14:00+00:00,Tunisia,0.4613347013717846,2,1,ar,MED,Africa
'70bfa35e90',extremes,Drought,#edc291,edo,موجة الجفاف في الجزائر,2026-01-15T12:14:00+00:00,Algeria,0.461264766279125,2,1,ar,SAH,Africa
'a29729e148',extremes,Storm,#b3b2b1,wmo,عاصفة العواصف في إسرائيل,2026-01-20T03:56:00+00:00,Israel,0.460602643291956,2,1,ar,MED,Asia
'25f4501714',extremes,Drought,#edc291,edo,قلة الأمطار موريتانيا,2026-01-15T10:57:00+00:00,Mauritania,0.4592653577997607,2,1,ar,SAH,Africa
'c3dfa2f483',extremes,Snow&Ice,#d60d2b,wmo,صقيع الجزائر,2026-01-24T03:48:00+00:00,Algeria,0.4581491097106997,3,1,ar,SAH,Africa
'c229b0919c',extremes,Precipitation,#d60d2b,wmo,أمطار السعودية,2026-01-15T10:56:00+00:00,Saudi Arabia,0.45754052775084175,2,1,ar,ARP,Asia
'2b20a18bcb',extremes,Drought,#edc291,edo,جفاف المغرب,2026-01-15T12:14:00+00:00,Morocco,0.4569243206200876,2,1,ar,MED,Africa
'8e2b93ff6f',extremes,Drought,#edc291,edo,جفاف الكويت,2026-01-15T12:14:00+00:00,Kuwait,0.45464145365696,2,1,ar,ARP,Asia
'388a6dbadc',extremes,Storm,#b3b2b1,wmo,عاصفة الجزائر,2026-01-22T03:59:00+00:00,Algeria,0.4546026627050897,3,1,ar,SAH,Africa
'dbbbd78a2d',extremes,Drought,#edc291,edo,موجة جفاف عمان,2026-01-15T12:14:00+00:00,Oman,0.4539226805789231,2,1,ar,ARP,Asia
'450e006e61',extremes,Drought,#edc291,edo,جفاف العراق,2026-01-15T12:14:00+00:00,Iraq,0.4537999189738355,2,1,ar,WCA,Asia
'ea1c03418f',extremes,Snow&Ice,#d60d2b,random,صقيع,2026-01-15T12:13:00+00:00,,0.4532592294129821,1,2,ar,,
'2d0fb12d74',extremes,Storm,#b3b2b1,wmo,عاصفة أولاد جلال,2026-01-21T03:56:00+00:00,Algeria,0.4520988324874564,3,1,ar,SAH,Africa
'6e08a1f3a5',extremes,Snow&Ice,#d60d2b,wmo,تجميد إسرائيل,2026-01-20T03:56:00+00:00,Israel,0.451205175970218,2,1,ar,MED,Asia
'13f03da5d7',extremes,Storm,#b3b2b1,emdat,عاصفة سوريا,2026-01-22T04:00:00+00:00,Syria,0.4511772155447655,2,1,ar,MED,Asia
'bd21048a6a',extremes,Drought,#edc291,edo,الجفاف في الإمارات العربية المتحدة,2026-01-15T12:14:00+00:00,United Arab Emirates,0.4511747035304265,2,1,ar,ARP,Asia
'45278c4de3',extremes,Drought,#edc291,edo,موجة الجفاف في الصومال,2026-01-22T04:00:00+00:00,Somalia,0.4498269832982224,2,1,ar,NEAF,Africa
'5ec55bb1fd',extremes,Drought,#edc291,edo,جفاف الأردن,2026-01-15T12:14:00+00:00,Jordan,0.4488968673785493,2,1,ar,MED,Asia
'700728d746',extremes,Drought,#edc291,edo,موجة جفاف في اليمن,2026-01-15T12:14:00+00:00,Yemen,0.4488137601802096,2,1,ar,ARP,Asia
'30dda30b7a',extremes,Drought,#edc291,edo,الجفاف في المملكة العربية السعودية,2026-01-15T12:14:00+00:00,Saudi Arabia,0.4461062015897742,2,1,ar,ARP,Asia
'361de43fee',extremes,Drought,#edc291,edo,جفاف الأراضي الفلسطينية,2026-01-15T12:14:00+00:00,Palestinian Territory,0.4457985561376086,2,1,ar,MED,Asia
'a69ae6b98c',extremes,Drought,#edc291,edo,قلة الأمطار قطر,2026-01-15T12:14:00+00:00,Qatar,0.4455326198401418,2,1,ar,ARP,Asia
'c7c86df95e',extremes,Storm,#b3b2b1,wmo,عاصفة إسرائيل,2026-01-15T10:56:00+00:00,Israel,0.445369830082466,2,1,ar,MED,Asia
'556f49f375',extremes,Drought,#edc291,edo,قلة الأمطار في العراق,2026-01-27T03:58:00+00:00,Iraq,0.4450149406765739,2,1,ar,WCA,Asia
'e88652df53',extremes,Drought,#edc291,edo,قلة الأمطار في الأراضي الفلسطينية,2026-01-15T12:14:00+00:00,Palestinian Territory,0.4437977403249758,2,1,ar,MED,Asia
'8bc78a3be4',extremes,Drought,#edc291,edo,قلة الأمطار في لبنان,2026-01-15T12:14:00+00:00,Lebanon,0.4436774704972765,2,1,ar,MED,Asia
'e188f4e183',extremes,Storm,#b3b2b1,wmo,عاصفة تنزانيا,2026-01-26T04:09:00+00:00,Tanzania,0.4393947060888502,2,1,ar,SEAF,Africa
'df7e5328ea',extremes,Cold Wave,#a7e9fa,random,موجة البرد,2026-01-27T03:58:00+00:00,,0.4386779771121752,1,2,ar,,
'f6ff301646',extremes,Drought,#edc291,edo,جفاف الصومال,2026-01-15T10:57:00+00:00,Somalia,0.4371540559227493,3,1,ar,NEAF,Africa
'766190540a',extremes,Storm,#b3b2b1,wmo,العواصف تنزانيا,2026-01-20T03:56:00+00:00,Tanzania,0.4352673396518065,2,1,ar,SEAF,Africa
'92e2638c77',extremes,Flood,#030ba1,wmo,فيضانات إسرائيل,2026-01-18T03:57:00+00:00,Israel,0.4350626239429515,2,1,ar,MED,Asia
'14ee48e99d',extremes,Thunderstorm,#53785a,wmo,الطقس القاسي في إسرائيل,2026-01-18T03:57:00+00:00,Israel,0.434355361206314,2,1,ar,MED,Asia
'0d99295f2f',extremes,Drought,#edc291,edo,قلة الأمطار في الصومال,2026-01-15T12:14:00+00:00,Somalia,0.434218077744574,2,1,ar,NEAF,Africa
'5ea4d45f08',extremes,Tropical Cyclone,#4f4f4f,random,الهبوط,2026-01-17T03:44:00+00:00,,0.4307598041545205,1,2,ar,,
'1f98506a0f',extremes,Flood,#030ba1,wmo,تدفق الفيضانات دان,2026-01-18T03:57:00+00:00,Israel,0.4306926021594103,2,1,ar,MED,Asia
'd8ba2fa4bf',extremes,Flood,#030ba1,wmo,فيضانات جنوب صحراء يهودا البحر الميت,2026-01-18T03:57:00+00:00,Israel,0.4284666469482208,2,1,ar,MED,Asia
'fa761481b5',extremes,Drought,#edc291,edo,موجة الجفاف في الإمارات العربية المتحدة,2026-01-26T04:09:00+00:00,United Arab Emirates,0.4255762883355387,2,1,ar,ARP,Asia
'20741ce7eb',extremes,Tsunami,#690191,random,تسونامي,2026-01-15T10:39:00+00:00,,0.4238355925815364,2,1,ar,,
'86cd8e52bb',extremes,Precipitation,#d60d2b,wmo,هطول الأمطار منطقة تبوك ضباء شارما,2026-01-23T04:03:00+00:00,Saudi Arabia,0.4232866960239696,2,1,ar,ARP,Asia
'de55985e54',extremes,Earthquake,#870007,usgs,زلزال حديبو,2026-01-21T03:55:00+00:00,Yemen,0.4202318646443821,2,1,ar,ARS,Indian Ocean
'62084daeb0',extremes,Earthquake,#870007,random,زلزال,2026-01-15T10:39:00+00:00,,0.4169543338622517,2,1,ar,,
'7e303c7e63',extremes,Snow Avalanche,#deddd5,random,انهيار ثلجي,2026-01-20T03:55:00+00:00,,0.4163807842448361,2,1,ar,,
'8143644bfb',extremes,Drought,#edc291,edo,موجة الجفاف جيبوتي,2026-01-15T12:14:00+00:00,Djibouti,0.4153471528906757,2,1,ar,NEAF,Africa
'a2fb8c843a',extremes,Drought,#edc291,edo,جفاف إريتريا,2026-01-15T12:14:00+00:00,Eritrea,0.4143556788357226,2,1,ar,SAH,Africa
'79079cfee6',extremes,Drought,#edc291,edo,جفاف تشاد,2026-01-15T12:14:00+00:00,Chad,0.413058659471836,2,1,ar,SAH,Africa
'aab7909052',extremes,Fog,#d60d2b,wmo,ضباب إسرائيل,2026-01-19T04:03:00+00:00,Israel,0.4102316473061849,2,1,ar,MED,Asia
'04525d6c1f',extremes,Storm,#b3b2b1,wmo,بحر العاصفة شمالا,2026-01-22T03:59:00+00:00,Israel,0.4077562644608226,2,1,ar,MED,Asia
'd98aa38709',extremes,Fog,#d60d2b,wmo,ضباب المملكة العربية السعودية,2026-01-17T03:44:00+00:00,Saudi Arabia,0.4071857407716525,2,1,ar,ARP,Asia
'11ece58a02',extremes,Storm,#b3b2b1,wmo,عاصفة البحرين,2026-01-15T10:56:00+00:00,Bahrain,0.405794910786675,2,1,ar,ARP,Asia
'80d50b76c6',extremes,Storm,#b3b2b1,wmo,عاصفة العواصف في المملكة العربية السعودية,2026-01-15T10:56:00+00:00,Saudi Arabia,0.403085825084172,4,1,ar,ARP,Asia
'ee59d3391f',extremes,Precipitation,#d60d2b,wmo,هطول الأمطار في المملكة العربية السعودية,2026-01-15T10:56:00+00:00,Saudi Arabia,0.4028935826319186,4,1,ar,ARP,Asia
'dc5bf960b0',extremes,Snow&Ice,#d60d2b,random,عاصفة ثلجية,2026-01-15T10:39:00+00:00,,0.3987910718777968,2,1,ar,,
'a037e54a9b',extremes,Drought,#edc291,edo,جفاف تونس,2026-01-17T03:44:00+00:00,Tunisia,0.3957900176783486,2,1,ar,MED,Africa
'4f9450d173',extremes,Snow&Ice,#d60d2b,wmo,صقيع إسرائيل,2026-01-21T03:56:00+00:00,Israel,0.3952200464252487,3,1,ar,MED,Asia
'8b4587c763',extremes,Storm,#b3b2b1,random,عاصفة ترابية,2026-01-24T03:48:00+00:00,,0.3945428365386057,2,1,ar,,
'26045faf18',extremes,Drought,#edc291,edo,جفاف مصر,2026-01-15T12:14:00+00:00,Egypt,0.3941443290903137,3,1,ar,SAH,Africa
'0e8f392ce9',extremes,Drought,#edc291,edo,جفاف ليبيا,2026-01-15T10:57:00+00:00,Libya,0.3928520157162973,3,1,ar,SAH,Africa
'4dd12d0f3d',extremes,Precipitation,#d60d2b,wmo,أمطار غزيرة في المملكة العربية السعودية,2026-01-15T10:56:00+00:00,Saudi Arabia,0.3926554838022937,2,1,ar,ARP,Asia
'8ebbd12ae4',extremes,Drought,#edc291,edo,جفاف السودان,2026-01-15T12:14:00+00:00,Sudan,0.3919530714812494,3,1,ar,SAH,Africa
'5472bbf665',extremes,Drought,#edc291,edo,قلة المطر بالمغرب,2026-01-29T04:19:00+00:00,Morocco,0.3896549580378589,2,1,ar,MED,Africa
'5d5feeb7da',extremes,Drought,#edc291,edo,جفاف جزر القمر,2026-01-22T04:00:00+00:00,Comoros,0.3891862518929531,2,1,ar,ESAF,Africa
'435eac9fd6',extremes,Drought,#edc291,edo,قلة الأمطار في المملكة العربية السعودية,2026-01-19T04:03:00+00:00,Saudi Arabia,0.3884012908636316,1,1,ar,ARP,Asia
'eff6405aba',extremes,Drought,#edc291,edo,قلة المطر عمان,2026-01-22T04:00:00+00:00,Oman,0.3881785414294168,1,1,ar,ARP,Asia
'77096c3de3',extremes,Drought,#edc291,edo,قلة الأمطار الصحراء الغربية,2026-01-22T04:00:00+00:00,Western Sahara,0.387564698431409,2,1,ar,SAH,Africa
'3568869efa',extremes,Drought,#edc291,edo,قلة الأمطار في سوريا,2026-01-21T03:56:00+00:00,Syria,0.3866555491902695,1,1,ar,MED,Asia
'8a1a9038c3',extremes,Storm,#b3b2b1,random,عاصفة ثلجية,2026-01-15T10:56:00+00:00,,0.3856339352747167,1,2,ar,,
'08593da076',extremes,Drought,#edc291,edo,موجة الجفاف في موريتانيا,2026-01-26T04:09:00+00:00,Mauritania,0.3850671631798342,1,1,ar,SAH,Africa
'db781cebdc',extremes,Drought,#edc291,edo,جفاف المغرب,2026-01-17T03:44:00+00:00,Morocco,0.3850321095319557,2,1,ar,MED,Africa
'165e1b5216',extremes,Drought,#edc291,edo,جفاف ليبيا,2026-01-19T04:03:00+00:00,Libya,0.3843887047758058,2,1,ar,SAH,Africa
'cf4f19d972',extremes,Cold Wave,#a7e9fa,wmo,تجميد المملكة العربية السعودية,2026-01-20T03:56:00+00:00,Saudi Arabia,0.383843350368297,4,1,ar,ARP,Asia
'5d8c239887',extremes,Drought,#edc291,edo,قلة الأمطار ليبيا,2026-01-17T03:44:00+00:00,Libya,0.3828372120656563,2,1,ar,SAH,Africa
'6a1155b527',extremes,Drought,#edc291,edo,قلة الأمطار في البحرين,2026-01-15T12:14:00+00:00,Bahrain,0.3796917731507661,3,1,ar,ARP,Asia
'2a1a5777ed',extremes,Drought,#edc291,edo,جفاف الصحراء الغربية,2026-01-26T04:09:00+00:00,Western Sahara,0.3787281398435587,1,1,ar,SAH,Africa
'd7c38f3484',extremes,Drought,#edc291,edo,جفاف الجزائر,2026-01-17T03:44:00+00:00,Algeria,0.3778846355120525,2,1,ar,SAH,Africa
'945465874b',extremes,Drought,#edc291,edo,الجفاف جيبوتي,2026-01-23T04:03:00+00:00,Djibouti,0.3776740003394059,1,1,ar,NEAF,Africa
'33ffcdb3dc',extremes,Drought,#edc291,edo,قلة الأمطار الأردن,2026-01-15T10:57:00+00:00,Jordan,0.3773269345821947,2,1,ar,MED,Asia
'778005a26b',extremes,Drought,#edc291,edo,جفاف موريتانيا,2026-01-17T03:44:00+00:00,Mauritania,0.3763111684966229,2,1,ar,SAH,Africa
'ccce84ab75',extremes,Drought,#edc291,edo,قلة الأمطار مصر,2026-01-17T03:44:00+00:00,Egypt,0.3743002515153358,2,1,ar,SAH,Africa
'b18e6444ed',extremes,Drought,#edc291,edo,قلة الأمطار في السودان,2026-01-19T04:03:00+00:00,Sudan,0.3740432547596096,2,1,ar,SAH,Africa
'1002763eb9',extremes,Drought,#edc291,edo,موجة جفاف السودان,2026-01-15T10:57:00+00:00,Sudan,0.3733581303567885,2,1,ar,SAH,Africa
'60c6411407',extremes,Drought,#edc291,edo,جفاف العراق,2026-01-17T03:44:00+00:00,Iraq,0.3727900255586857,2,1,ar,WCA,Asia
'b64fcbc0c4',extremes,Drought,#edc291,edo,جفاف سوريا,2026-01-23T04:03:00+00:00,Syria,0.37237194878254,1,1,ar,MED,Asia
'8a70b03114',extremes,Drought,#edc291,edo,قلة الأمطار في جزر القمر,2026-01-15T10:57:00+00:00,Comoros,0.3697441833990174,2,1,ar,ESAF,Africa
'10171e1a09',extremes,Drought,#edc291,edo,جفاف تنزانيا,2026-01-15T10:57:00+00:00,Tanzania,0.3689702665692897,2,1,ar,SEAF,Africa
'1a44ba5f85',extremes,Drought,#edc291,edo,قلة الأمطار بتونس,2026-01-19T04:03:00+00:00,Tunisia,0.3686166471391765,2,1,ar,MED,Africa
'7e4845fc87',extremes,Precipitation,#d60d2b,wmo,مطر إسرائيل,2026-01-18T03:57:00+00:00,Israel,0.3683863362274875,2,1,ar,MED,Asia
'f3b91506ec',extremes,Cold Wave,#a7e9fa,random,سجل البرد,2026-01-15T10:20:00+00:00,,0.3681999775718036,1,2,ar,,
'f59e5a15a8',extremes,Drought,#edc291,edo,قحط قطر,2026-01-23T04:03:00+00:00,Qatar,0.3677795036176631,1,1,ar,ARP,Asia
'b1eb375b87',extremes,Drought,#edc291,edo,قلة الأمطار في أوغندا,2026-01-15T10:57:00+00:00,Uganda,0.367494324837918,1,1,ar,SEAF,Africa
'26ec4e12b7',extremes,Drought,#edc291,edo,جفاف الأردن,2026-01-21T03:56:00+00:00,Jordan,0.3674854183964471,1,1,ar,MED,Asia
'f98578d8e3',extremes,Drought,#edc291,edo,جفاف عمان,2026-01-15T10:57:00+00:00,Oman,0.3674148421519265,2,1,ar,ARP,Asia
'cc89eef995',extremes,Drought,#edc291,edo,موجة الجفاف في لبنان,2026-01-15T10:57:00+00:00,Lebanon,0.3673821865237996,2,1,ar,MED,Asia
'ec65204cd5',extremes,Drought,#edc291,edo,جفاف لبنان,2026-01-23T04:03:00+00:00,Lebanon,0.3668776780609347,1,1,ar,MED,Asia
'96be6a9ce3',extremes,Drought,#edc291,edo,جفاف الجزائر,2026-01-24T03:49:00+00:00,Algeria,0.3666776494649089,1,1,ar,SAH,Africa
'21d718a923',extremes,Drought,#edc291,edo,جفاف البحرين,2026-01-17T03:44:00+00:00,Bahrain,0.3664494030832872,2,1,ar,ARP,Asia
'0d2f7df845',extremes,Drought,#edc291,edo,الجفاف في الأراضي الفلسطينية,2026-01-17T03:44:00+00:00,Palestinian Territory,0.3661176282101411,2,1,ar,MED,Asia
'cbd214af74',extremes,Drought,#edc291,edo,جفاف أوغندا,2026-01-27T03:58:00+00:00,Uganda,0.366074064395048,2,1,ar,SEAF,Africa
'086d1df094',extremes,Drought,#edc291,edo,جفاف المملكة العربية السعودية,2026-01-17T03:44:00+00:00,Saudi Arabia,0.365554812591363,2,1,ar,ARP,Asia
'cd4f522432',extremes,Drought,#edc291,edo,موجة جفاف جزر القمر,2026-01-24T03:49:00+00:00,Comoros,0.3655130185343984,1,1,ar,ESAF,Africa
'f9446ee727',extremes,Drought,#edc291,edo,قلة الأمطار في اليمن,2026-01-15T10:57:00+00:00,Yemen,0.3641916700674357,2,1,ar,ARP,Asia
'07e9c27471',extremes,Drought,#edc291,edo,جفاف السودان,2026-01-21T03:56:00+00:00,Sudan,0.3641095420650432,1,1,ar,SAH,Africa
'15223de265',extremes,Drought,#edc291,edo,موجة الجفاف في البحرين,2026-01-28T03:56:00+00:00,Bahrain,0.3625670848937194,2,1,ar,ARP,Asia
'1cee83f69e',extremes,Drought,#edc291,edo,جفاف البحرين,2026-01-15T10:57:00+00:00,Bahrain,0.3599196863197042,1,1,ar,ARP,Asia
'622bd2c53e',extremes,Drought,#edc291,edo,الجفاف في الإمارات العربية المتحدة,2026-01-21T03:56:00+00:00,United Arab Emirates,0.3596654088195942,1,1,ar,ARP,Asia
'7054c01ed8',extremes,Drought,#edc291,edo,قلة الأمطار في الإمارات العربية المتحدة,2026-01-15T10:57:00+00:00,United Arab Emirates,0.3592472738370502,2,1,ar,ARP,Asia
'00aa235c89',extremes,Drought,#edc291,edo,جفاف عمان,2026-01-21T03:56:00+00:00,Oman,0.3591680549055788,1,1,ar,ARP,Asia
'3e863a900a',extremes,Drought,#edc291,edo,الجفاف موريتانيا,2026-01-21T03:56:00+00:00,Mauritania,0.3587236245418783,1,1,ar,SAH,Africa
'5577bbdf6e',extremes,Drought,#edc291,edo,جفاف سوريا,2026-01-22T04:00:00+00:00,Syria,0.3584754982713065,2,1,ar,MED,Asia
'e314f2dd5c',extremes,Thunderstorm,#53785a,wmo,بحر البرد شمالا,2026-01-28T03:56:00+00:00,Israel,0.357677932767341,1,1,ar,MED,Asia
'56ec1d3897',extremes,Drought,#edc291,edo,الجفاف في أوغندا,2026-01-17T03:44:00+00:00,Uganda,0.3536969117719001,1,1,ar,SEAF,Africa
'5659d126ba',extremes,Drought,#edc291,edo,جفاف تنزانيا,2026-01-17T03:44:00+00:00,Tanzania,0.351710025197669,1,1,ar,SEAF,Africa
'42f1336000',extremes,Drought,#edc291,edo,جفاف الصومال,2026-01-21T03:56:00+00:00,Somalia,0.3510652371586827,2,1,ar,NEAF,Africa
'b47766f171',extremes,Drought,#edc291,edo,جفاف إسرائيل,2026-01-19T04:03:00+00:00,Israel,0.3510222002936851,1,1,ar,MED,Asia
'5164507b55',extremes,Drought,#edc291,edo,جفاف الكويت,2026-01-19T04:03:00+00:00,Kuwait,0.3504995484161622,2,1,ar,ARP,Asia
'b426d014da',extremes,Drought,#edc291,edo,موجة الجفاف في تنزانيا,2026-01-19T04:03:00+00:00,Tanzania,0.348506745124813,1,1,ar,SEAF,Africa
'10f476720b',extremes,Insect Infestation,#d60d2b,random,الجندب,2026-01-26T04:08:00+00:00,,0.3485064152251044,1,1,ar,,
'0b8f5a0e51',extremes,Iceberg,#d60d2b,random,جبل الجليد في القارة القطبية الجنوبية,2026-01-18T03:56:00+00:00,,0.3484556206416935,1,1,ar,,
'1c38b19449',extremes,Storm,#b3b2b1,random,أوعية الغبار,2026-01-15T10:39:00+00:00,,0.3484455631965196,1,1,ar,,
'82d648b882',extremes,Drought,#edc291,random,القحط,2026-01-15T10:39:00+00:00,,0.3483559878191026,1,1,ar,,
'e0f14a84be',extremes,Tropical Cyclone,#4f4f4f,random,المركز الوطني للأعاصير,2026-01-15T10:39:00+00:00,,0.3475821418682395,1,1,ar,,
'6c26d713f2',extremes,Drought,#edc291,edo,قلة الأمطار في إريتريا,2026-01-21T03:56:00+00:00,Eritrea,0.3468065220374336,1,1,ar,SAH,Africa
'8c2b565540',extremes,Drought,#edc291,edo,موجة الجفاف في أوغندا,2026-01-15T12:14:00+00:00,Uganda,0.3457099590545911,2,1,ar,SEAF,Africa
'766bd649cd',extremes,Storm,#b3b2b1,emdat,عاصفة الأراضي الفلسطينية,2026-01-15T10:57:00+00:00,Palestinian Territory,0.3442962892712388,1,1,ar,MED,Asia
'669b358a51',extremes,Drought,#edc291,edo,قلة الأمطار الجزائر,2026-01-15T10:57:00+00:00,Algeria,0.3442333692050099,1,1,ar,SAH,Africa
'c434e503e1',extremes,Drought,#edc291,edo,جفاف مصر,2026-01-15T10:57:00+00:00,Egypt,0.3439053219994093,1,1,ar,SAH,Africa
'db2fe27b15',extremes,Drought,#edc291,edo,موجة الجفاف في الصحراء الغربية,2026-01-15T10:57:00+00:00,Western Sahara,0.3435266753185533,1,1,ar,SAH,Africa
'68b41522c2',extremes,Drought,#edc291,edo,جفاف اليمن,2026-01-19T04:03:00+00:00,Yemen,0.3430093725850519,2,1,ar,ARP,Asia
'ba6e07a583',extremes,Storm,#b3b2b1,emdat,عاصفة محافظات الحسكة,2026-01-15T10:57:00+00:00,Syria,0.3428201966171313,1,1,ar,MED,Asia
'a9531cc816',extremes,Drought,#edc291,edo,موجة جفاف قطر,2026-01-15T10:57:00+00:00,Qatar,0.3421489941168515,1,1,ar,ARP,Asia
'2dc96b99cb',extremes,Drought,#edc291,edo,موجة الجفاف في المملكة العربية السعودية,2026-01-15T10:57:00+00:00,Saudi Arabia,0.3419071767807941,1,1,ar,ARP,Asia
'8b0cb8a20b',extremes,Earthquake,#870007,usgs,زلزال مبومي,2026-01-23T04:02:00+00:00,Tanzania,0.3396595475613134,2,1,ar,SEAF,Africa
'c4f1f0cbf9',extremes,Iceberg,#d60d2b,random,جبل الجليد القطبي الشمالي,2026-01-21T03:55:00+00:00,,0.3378656724753853,1,1,ar,,
'f8a513bf41',extremes,Tropical Cyclone,#4f4f4f,random,ميديكان,2026-01-22T03:59:00+00:00,,0.3363145942918912,1,1,ar,,
'196c887996',extremes,Drought,#edc291,edo,جفاف قطر,2026-01-29T04:19:00+00:00,Qatar,0.3362358180902393,2,1,ar,ARP,Asia
'5b8cf400f9',extremes,Iceberg,#d60d2b,random,ولادة جبل الجليد,2026-01-19T04:02:00+00:00,,0.3348794352955919,1,1,ar,,
'a5ff1cde4a',extremes,Drought,#edc291,random,رطوبة التربة,2026-01-28T03:56:00+00:00,,0.3346687491187086,0,1,ar,,
'cb43c2bb0b',extremes,Heat Wave,#c40202,random,أشد الأعوام حرارة,2026-01-29T04:18:00+00:00,,0.3339094900248309,1,1,ar,,
'd3353562c0',extremes,Drought,#edc291,edo,جفاف جيبوتي,2026-01-17T03:44:00+00:00,Djibouti,0.3327327317599628,2,1,ar,NEAF,Africa
'6b8e391e55',extremes,Drought,#edc291,edo,موجة الجفاف مصر,2026-01-22T04:00:00+00:00,Egypt,0.3324862069643811,3,1,ar,SAH,Africa
'3769809aae',extremes,Drought,#edc291,edo,موجة جفاف تشاد,2026-01-19T04:03:00+00:00,Chad,0.3319352906487563,2,1,ar,SAH,Africa
'd99be7f2ac',extremes,Drought,#edc291,edo,قلة المطر تشاد,2026-01-15T10:57:00+00:00,Chad,0.3316959864324328,2,1,ar,SAH,Africa
'6b7e025bb3',extremes,Storm,#b3b2b1,random,الزوبعة,2026-01-15T10:56:00+00:00,,0.3314856725807237,0,1,ar,,
'cdf60d58e5',extremes,Drought,#edc291,edo,الجفاف في إريتريا,2026-01-17T03:44:00+00:00,Eritrea,0.3310843368760849,2,1,ar,SAH,Africa
'477776ee3b',extremes,Drought,#edc291,edo,جفاف لبنان,2026-01-19T04:03:00+00:00,Lebanon,0.3308209330998716,2,1,ar,MED,Asia
'3d4dbc8c3b',extremes,Precipitation,#d60d2b,random,المطر الغزير,2026-01-17T03:44:00+00:00,,0.3305061711238542,1,1,ar,,
'3e4b341619',extremes,Storm,#b3b2b1,random,عاصفة,2026-01-20T03:55:00+00:00,,0.3288165914676854,0,1,ar,,
'c0ae99f2a9',extremes,Precipitation,#d60d2b,random,هطول غزير,2026-01-25T04:05:00+00:00,,0.3278525536464418,1,1,ar,,
'e762488b7b',extremes,Earthquake,#870007,usgs,زلزال كالولا,2026-01-15T10:56:00+00:00,Somalia,0.3266649005202579,2,1,ar,NEAF,Africa
'b0927dd83e',extremes,Earthquake,#870007,usgs,زلزال ikungi,2026-01-17T03:44:00+00:00,Tanzania,0.3261185884200882,0,1,ar,SEAF,Africa
'023403ed71',extremes,Drought,#edc291,edo,جفاف إسرائيل,2026-01-23T04:03:00+00:00,Israel,0.3260982379155756,1,1,ar,MED,Asia
'053bb10e09',extremes,Heat Wave,#c40202,random,الصيف الهندي,2026-01-23T04:02:00+00:00,,0.3246827185180697,0,1,ar,,
'f69e2488b5',extremes,Drought,#edc291,edo,جفاف تشاد,2026-01-24T03:49:00+00:00,Chad,0.3237816748281611,1,1,ar,SAH,Africa
'0d9db7ec5c',extremes,Drought,#edc291,edo,موجة الجفاف في إسرائيل,2026-01-24T03:49:00+00:00,Israel,0.3235345957708911,1,1,ar,MED,Asia
'f8f5c3ad5f',extremes,Drought,#edc291,edo,قلة الأمطار في إسرائيل,2026-01-21T03:56:00+00:00,Israel,0.3228409817111707,1,1,ar,MED,Asia
'776fe47817',extremes,Wildfire,#d60d2b,random,نار الهشيم,2026-01-17T03:44:00+00:00,,0.3226361435783431,0,1,ar,,
'45500dcb47',extremes,Precipitation,#d60d2b,random,هطول الأمطار القياسية,2026-01-27T03:58:00+00:00,,0.3220848420292492,1,1,ar,,
'e4c0eb1729',extremes,Wildfire,#d60d2b,random,حرائق الغابات,2026-01-24T03:48:00+00:00,,0.3208888226590353,0,1,ar,,
'b24c0517bf',extremes,Cold Wave,#a7e9fa,random,الانخفاضات الزئبقية,2026-01-22T03:59:00+00:00,,0.3202101394246374,1,1,ar,,
'52af874334',extremes,Drought,#edc291,random,قحط,2026-01-21T03:55:00+00:00,,0.3201609706431698,1,1,ar,,
'a241cba1ba',extremes,Volcano,#b83202,eonet,بركان أمبريم، فانواتو,2026-01-15T10:56:00+00:00,Vanuatu,0.3199887686613118,0,1,ar,SPO,Oceania
'6f7179aa00',extremes,Volcano,#b83202,eonet,بركان الفلبين,2026-01-15T10:56:00+00:00,Philippines,0.3199774831115323,0,1,ar,SEA,Asia
'02f56319a7',extremes,Flood,#030ba1,wmo,فيضان أستراليا,2026-01-15T10:56:00+00:00,Australia,0.3199135658236194,0,1,ar,CAU,Oceania
'3894a694d1',extremes,Flood,#030ba1,aidr,فيضان أستراليا,2026-01-15T10:57:00+00:00,Australia,0.3199061281685654,0,1,ar,EAU,Oceania
'2c38aada07',extremes,Earthquake,#870007,usgs,زلزال كولشان,2026-01-15T12:13:00+00:00,Chile,0.3198596275137257,0,1,ar,SWS,South-America
'3a67915e02',extremes,Earthquake,#870007,usgs,زلزال بيرو,2026-01-15T10:56:00+00:00,Peru,0.3198570624267367,0,1,ar,NWS,South-America
'66889dc3f2',extremes,Earthquake,#870007,usgs,زلزال أولاغوي,2026-01-15T10:56:00+00:00,Chile,0.3198565627261572,0,1,ar,SWS,South-America
'1a17358ebb',extremes,Tsunami,#690191,usgs,تسونامي توبيلو,2026-01-15T10:56:00+00:00,Indonesia,0.3198470378843532,0,1,ar,SEA,Asia
'26349abe17',extremes,Tsunami,#690191,usgs,محطة تسونامي أتو,2026-01-15T12:13:00+00:00,Alaska,0.3198458782942405,0,1,ar,NPO,Pacific Ocean
'464d595634',extremes,Earthquake,#870007,usgs,زلزال كامينيا,2026-01-15T12:13:00+00:00,Chile,0.3198429479823136,0,1,ar,SWS,South-America
'018b9ccc96',extremes,Earthquake,#870007,usgs,زلزال منطقة موريشيوس ريونيون,2026-01-15T10:56:00+00:00,,0.3198426792048654,0,1,ar,SIO,Indian Ocean
'4d51911b1d',extremes,Earthquake,#870007,usgs,زلزال سولا,2026-01-15T10:56:00+00:00,Vanuatu,0.319832409967632,0,1,ar,SPO,Pacific Ocean
'd18c9a3f35',extremes,Earthquake,#870007,usgs,زلزال سان أنطونيو دي لوس كوبريس,2026-01-15T10:56:00+00:00,Argentina,0.3198285138531148,0,1,ar,SES,South-America
'fa8badb0c3',extremes,Tsunami,#690191,usgs,تسونامي باكولين,2026-01-15T10:56:00+00:00,Philippines,0.3198273270828526,0,1,ar,SEA,Asia
'23ad2bb822',extremes,Earthquake,#870007,usgs,زلزال روسيا,2026-01-15T10:56:00+00:00,Russia,0.3198270531980787,0,1,ar,EAS,Asia
'0a98fdd376',extremes,Snow Avalanche,#deddd5,random,الانهيار الثلجي,2026-01-23T04:02:00+00:00,,0.3168017689057704,1,1,ar,,
'd59a7e48d7',extremes,Drought,#edc291,random,التبخر,2026-01-20T03:55:00+00:00,,0.3129965195573042,1,1,ar,,
'3e2894fd0c',extremes,Iceberg,#d60d2b,random,الجليد البحري في القطب الجنوبي,2026-01-21T03:55:00+00:00,,0.3108999208214229,1,1,ar,,
'ef54296dab',extremes,Snow&Ice,#d60d2b,random,طوف الجليد,2026-01-23T04:02:00+00:00,,0.3100490573909686,1,1,ar,,
'980a973102',extremes,Tropical Cyclone,#4f4f4f,random,إعصار القنبلة,2026-01-15T10:56:00+00:00,,0.3092974987090162,1,1,ar,,
'5876f74566',extremes,Drought,#edc291,edo,جفاف الأردن,2026-01-23T04:03:00+00:00,Jordan,0.3076222505152118,2,1,ar,MED,Asia
'59b5340b69',extremes,Precipitation,#d60d2b,random,جبهة ويذر,2026-01-15T10:56:00+00:00,,0.3068542388282907,1,1,ar,,
'e70dcdf8f1',extremes,Drought,#edc291,edo,موجة الجفاف الكويت,2026-01-22T04:00:00+00:00,Kuwait,0.3067519542914486,2,1,ar,ARP,Asia
'283b154c38',extremes,Wet Spell,#d60d2b,random,تعويذة رطبة,2026-01-15T12:13:00+00:00,,0.3061723629772925,1,1,ar,,
'65b4a087de',extremes,Earthquake,#870007,usgs,زلزال قلنسية,2026-01-15T10:56:00+00:00,Yemen,0.3035816197622079,2,1,ar,NEAF,Africa
'9aceadd432',extremes,Heat Wave,#c40202,random,سجل الحرارة,2026-01-21T03:55:00+00:00,,0.302534602528104,1,1,ar,,
'a652c78afc',extremes,Drought,#edc291,random,الجفاف الشديد,2026-01-18T03:56:00+00:00,,0.3006146746719527,1,1,ar,,
'538eadceb4',extremes,Heat Wave,#c40202,random,شتاء معتدل,2026-01-17T03:44:00+00:00,,0.296349483127642,1,1,ar,,
'3fa143a609',extremes,Storm,#b3b2b1,random,عاصفة ثلجية غبارية,2026-01-15T10:39:00+00:00,,0.2961532462215662,2,1,ar,,
'40f675561f',extremes,Heat Wave,#c40202,random,أشد حرارة الصيف,2026-01-15T10:56:00+00:00,,0.2950321865222953,1,1,ar,,
'80462e91eb',extremes,Tropical Cyclone,#4f4f4f,random,الإعصار,2026-01-15T10:56:00+00:00,,0.2935108649530786,1,1,ar,,
'845dd2d698',extremes,Storm,#b3b2b1,random,الإعصار,2026-01-17T03:44:00+00:00,,0.2922977139981262,1,1,ar,,
'55c39b351d',extremes,Storm,#b3b2b1,random,شيطان الغبار,2026-01-15T10:56:00+00:00,,0.2919004901910539,1,1,ar,,
'4c8bd3e4d4',extremes,Insect Infestation,#d60d2b,random,الجراد,2026-01-15T10:56:00+00:00,,0.2906973657887665,1,1,ar,,
'f4e1bf0fdf',extremes,Flood,#030ba1,random,اندلاع بحيرة جليدية,2026-01-18T03:56:00+00:00,,0.2884934163704752,1,1,ar,,
'ea87be5bd8',extremes,Heat Wave,#c40202,random,درجة الحرارة الحارقة,2026-01-15T12:13:00+00:00,,0.28713622161750535,1,1,ar,,
'4f9a8ebb25',extremes,Snow&Ice,#d60d2b,random,صقيع الليل,2026-01-15T10:56:00+00:00,,0.2854806993308171,1,1,ar,,
'ce37661cdd',extremes,Cold Wave,#a7e9fa,random,أبرد يوم,2026-01-15T10:56:00+00:00,,0.28506107621460264,1,1,ar,,
'69791e5a17',extremes,Flood,#030ba1,random,الفيضان المفاجئ,2026-01-17T03:44:00+00:00,,0.2782284672948678,1,1,ar,,
'bd09b9486d',extremes,Drought,#edc291,edo,قلة الأمطار في جيبوتي,2026-01-15T10:57:00+00:00,Djibouti,0.2767133496406293,3,1,ar,NEAF,Africa
'45f861329d',extremes,Landslide,#572c03,aidr,الانهيار الأرضي في تلال أديلايد جنوب أستراليا,2026-01-15T10:57:00+00:00,Australia,0.2720064152251044,1,1,ar,SAU,Oceania
'7a2481f0b1',extremes,Flood,#030ba1,aidr,فيضان نهر أستراليا,2026-01-15T10:57:00+00:00,Australia,0.2719285584694787,1,1,ar,EAU,Oceania
'ebe314dd99',extremes,Flood,#030ba1,aidr,هطول أمطار غزيرة وفيضانات كوينزلاند فبراير 2020,2026-01-15T10:57:00+00:00,Australia,0.2719274879956287,1,1,ar,EAU,Oceania
'6bad2a8cbc',extremes,Earthquake,#870007,usgs,زلزال سان أوغستين دي فالي فيرتيل,2026-01-15T12:13:00+00:00,Argentina,0.2718757205905468,1,1,ar,SES,South-America
'2617cc6cc9',extremes,Earthquake,#870007,usgs,زلزال نيوزيلندا,2026-01-15T10:56:00+00:00,New Zealand,0.27185206409061924,1,1,ar,NZ,Oceania
'f90601fa23',extremes,Volcano,#b83202,random,ثوران بركان,2026-01-15T10:20:00+00:00,,0.2556038068151502,0,1,ar,,
'f7a0f1c060',extremes,Cold Wave,#a7e9fa,random,أبرد سنة,2026-01-15T10:20:00+00:00,,0.2185963202419774,1,1,ar,,
'b6cef22543',extremes,Drought,#edc291,random,تقييد المياه,2026-01-15T10:20:00+00:00,,0.2181947166591417,1,1,ar,,
'95b2881221',extremes,Precipitation,#d60d2b,random,النهر الجوي,2026-01-15T10:20:00+00:00,,0.2180904085177332,1,1,ar,,
'ccefefc59e',extremes,Drought,#edc291,random,الجفاف الشديد,2026-01-15T10:20:00+00:00,,0.2179158690866849,1,1,ar,,
'0053afc92f',extremes,Volcano,#b83202,random,لاهار,2026-01-15T10:20:00+00:00,,0.2178477169643835,1,1,ar,,
'45480a05ce',extremes,Tropical Cyclone,#4f4f4f,random,الاعصار,2026-01-15T10:20:00+00:00,,0.2176841951268866,1,1,ar,,
'1fefacbadb',extremes,Iceberg,#d60d2b,random,ولادة الأنهار الجليدية,2026-01-15T10:20:00+00:00,,0.2163334904376689,1,1,ar,,
